booking_id,room_type,check_in,check_out,nights,price_per_night,channel,status
B0001,Executive,2024-11-26,2024-12-02,6,55000,Walk-in,Completed
B0002,Standard,2024-11-14,2024-11-20,6,40000,Online,Completed
B0003,Executive,2024-07-22,2024-07-24,2,45000,Walk-in,Completed
B0004,Standard,2024-08-23,2024-08-24,1,45000,Walk-in,Completed
B0005,Standard,2024-09-18,2024-09-19,1,30000,Agent,Completed
B0006,Executive,2024-07-24,2024-07-28,4,55000,Online,Completed
B0007,Standard,2024-09-16,2024-09-17,1,55000,Walk-in,Completed
B0008,Standard,2024-06-24,2024-06-27,3,45000,Agent,Cancelled
B0009,Deluxe,2024-11-03,2024-11-04,1,45000,Online,Completed
B0010,Executive,2024-10-11,2024-10-13,2,55000,Agent,Cancelled
B0011,Standard,2024-10-11,2024-10-17,6,35000,Agent,Cancelled
B0012,Executive,2024-10-08,2024-10-10,2,40000,Agent,Completed
B0013,Deluxe,2024-08-01,2024-08-05,4,40000,Agent,Completed
B0014,Standard,2024-07-28,2024-08-02,5,30000,Online,Completed
B0015,Deluxe,2024-07-07,2024-07-12,5,45000,Corporate,Completed
B0016,Standard,2024-08-19,2024-08-21,2,55000,Corporate,Completed
B0017,Executive,2024-11-06,2024-11-08,2,55000,Agent,Completed
B0018,Standard,2024-09-05,2024-09-08,3,35000,Online,Completed
B0019,Deluxe,2024-08-31,2024-09-02,2,40000,Walk-in,Cancelled
B0020,Deluxe,2024-07-17,2024-07-20,3,45000,Online,Cancelled
B0021,Standard,2024-09-02,2024-09-03,1,45000,Agent,Completed
B0022,Standard,2024-10-08,2024-10-13,5,35000,Online,Cancelled
B0023,Standard,2024-09-11,2024-09-15,4,35000,Agent,Completed
B0024,Standard,2024-08-09,2024-08-13,4,55000,Walk-in,Cancelled
B0025,Executive,2024-06-16,2024-06-20,4,35000,Corporate,Completed
B0026,Executive,2024-07-26,2024-07-28,2,35000,Online,Completed
B0027,Standard,2024-07-20,2024-07-25,5,45000,Corporate,No-show
B0028,Deluxe,2024-07-25,2024-07-30,5,45000,Online,Cancelled
B0029,Executive,2024-10-06,2024-10-11,5,30000,Agent,Completed
B0030,Standard,2024-06-25,2024-07-01,6,55000,Walk-in,Completed
B0031,Deluxe,2024-06-19,2024-06-20,1,30000,Online,Completed
B0032,Deluxe,2024-08-25,2024-08-29,4,55000,Online,Completed
B0033,Executive,2024-06-04,2024-06-09,5,55000,Online,Completed
B0034,Executive,2024-07-29,2024-08-02,4,35000,Corporate,Completed
B0035,Standard,2024-11-30,2024-12-02,2,35000,Online,Completed
B0036,Standard,2024-09-09,2024-09-12,3,55000,Agent,Completed
B0037,Standard,2024-11-09,2024-11-16,7,35000,Walk-in,Completed
B0038,Deluxe,2024-06-24,2024-07-01,7,40000,Online,Cancelled
B0039,Standard,2024-07-28,2024-08-04,7,35000,Walk-in,Completed
B0040,Executive,2024-08-20,2024-08-24,4,35000,Agent,Cancelled
B0041,Deluxe,2024-06-13,2024-06-16,3,55000,Walk-in,Cancelled
B0042,Deluxe,2024-09-26,2024-09-29,3,45000,Agent,Completed
B0043,Deluxe,2024-11-23,2024-11-25,2,55000,Corporate,Completed
B0044,Executive,2024-07-02,2024-07-04,2,45000,Agent,Completed
B0045,Executive,2024-07-11,2024-07-13,2,35000,Corporate,Completed
B0046,Executive,2024-08-04,2024-08-10,6,40000,Agent,Completed
B0047,Standard,2024-08-07,2024-08-09,2,40000,Agent,Completed
B0048,Executive,2024-11-25,2024-12-02,7,40000,Agent,Completed
B0049,Executive,2024-06-19,2024-06-26,7,30000,Walk-in,Completed
B0050,Executive,2024-06-24,2024-06-30,6,45000,Walk-in,Completed
B0051,Standard,2024-11-26,2024-12-03,7,55000,Walk-in,Completed
B0052,Standard,2024-09-13,2024-09-17,4,55000,Online,Completed
B0053,Deluxe,2024-10-20,2024-10-27,7,30000,Agent,Completed
B0054,Executive,2024-06-02,2024-06-05,3,35000,Agent,Completed
B0055,Standard,2024-10-19,2024-10-20,1,30000,Corporate,Completed
B0056,Standard,2024-11-12,2024-11-19,7,45000,Corporate,Completed
B0057,Standard,2024-09-15,2024-09-18,3,55000,Walk-in,Completed
B0058,Standard,2024-11-18,2024-11-23,5,45000,Agent,Completed
B0059,Deluxe,2024-07-22,2024-07-23,1,45000,Online,Completed
B0060,Executive,2024-08-18,2024-08-19,1,55000,Online,Completed
B0061,Executive,2024-07-21,2024-07-22,1,45000,Online,Completed
B0062,Executive,2024-10-11,2024-10-17,6,30000,Agent,Completed
B0063,Standard,2024-07-30,2024-08-03,4,55000,Walk-in,Completed
B0064,Deluxe,2024-11-16,2024-11-20,4,35000,Corporate,Completed
B0065,Standard,2024-09-18,2024-09-22,4,30000,Agent,Completed
B0066,Deluxe,2024-08-24,2024-08-28,4,45000,Online,Completed
B0067,Standard,2024-06-23,2024-06-25,2,35000,Corporate,Completed
B0068,Deluxe,2024-09-19,2024-09-24,5,40000,Corporate,Completed
B0069,Deluxe,2024-11-13,2024-11-19,6,30000,Walk-in,Completed
B0070,Executive,2024-06-01,2024-06-08,7,55000,Agent,Completed
B0071,Standard,2024-06-20,2024-06-27,7,45000,Agent,Completed
B0072,Standard,2024-09-17,2024-09-19,2,55000,Agent,Completed
B0073,Deluxe,2024-07-15,2024-07-18,3,35000,Walk-in,Cancelled
B0074,Standard,2024-07-01,2024-07-05,4,30000,Corporate,Completed
B0075,Standard,2024-11-29,2024-12-02,3,35000,Walk-in,Completed
B0076,Deluxe,2024-08-03,2024-08-10,7,45000,Agent,Completed
B0077,Standard,2024-08-17,2024-08-20,3,55000,Agent,Completed
B0078,Standard,2024-06-14,2024-06-15,1,45000,Agent,Completed
B0079,Executive,2024-10-25,2024-11-01,7,40000,Online,Completed
B0080,Executive,2024-10-30,2024-11-03,4,45000,Corporate,Completed
B0081,Executive,2024-07-12,2024-07-14,2,30000,Corporate,Completed
B0082,Executive,2024-09-04,2024-09-08,4,45000,Online,No-show
B0083,Executive,2024-06-03,2024-06-08,5,35000,Walk-in,Cancelled
B0084,Executive,2024-09-09,2024-09-15,6,55000,Walk-in,Completed
B0085,Executive,2024-06-13,2024-06-20,7,55000,Agent,Completed
B0086,Deluxe,2024-06-02,2024-06-05,3,45000,Online,Completed
B0087,Deluxe,2024-08-19,2024-08-24,5,55000,Corporate,Completed
B0088,Executive,2024-07-17,2024-07-19,2,45000,Online,Completed
B0089,Standard,2024-06-25,2024-07-01,6,55000,Corporate,Completed
B0090,Executive,2024-06-13,2024-06-20,7,30000,Agent,Completed
B0091,Executive,2024-09-01,2024-09-06,5,40000,Corporate,Completed
B0092,Deluxe,2024-08-13,2024-08-19,6,40000,Corporate,Completed
B0093,Standard,2024-07-19,2024-07-22,3,45000,Online,Cancelled
B0094,Executive,2024-08-04,2024-08-05,1,45000,Walk-in,Completed
B0095,Executive,2024-10-22,2024-10-27,5,45000,Walk-in,Completed
B0096,Deluxe,2024-06-11,2024-06-13,2,30000,Agent,Completed
B0097,Deluxe,2024-09-18,2024-09-23,5,45000,Agent,Completed
B0098,Standard,2024-11-13,2024-11-15,2,45000,Corporate,Completed
B0099,Deluxe,2024-10-30,2024-11-05,6,40000,Agent,Cancelled
B0100,Deluxe,2024-10-08,2024-10-15,7,40000,Corporate,Completed
B0101,Deluxe,2024-09-16,2024-09-21,5,55000,Corporate,Completed
B0102,Deluxe,2024-06-12,2024-06-15,3,55000,Online,No-show
B0103,Standard,2024-09-13,2024-09-15,2,35000,Online,Completed
B0104,Executive,2024-06-22,2024-06-24,2,40000,Online,Completed
B0105,Standard,2024-07-18,2024-07-21,3,30000,Online,Completed
B0106,Deluxe,2024-11-02,2024-11-03,1,40000,Corporate,Cancelled
B0107,Executive,2024-06-19,2024-06-24,5,30000,Walk-in,Completed
B0108,Standard,2024-07-03,2024-07-09,6,40000,Online,Completed
B0109,Executive,2024-11-09,2024-11-11,2,35000,Walk-in,Completed
B0110,Standard,2024-11-12,2024-11-19,7,40000,Corporate,Completed
B0111,Standard,2024-09-13,2024-09-14,1,55000,Agent,Completed
B0112,Deluxe,2024-09-08,2024-09-10,2,55000,Walk-in,Completed
B0113,Standard,2024-10-16,2024-10-20,4,30000,Walk-in,No-show
B0114,Deluxe,2024-06-06,2024-06-12,6,55000,Walk-in,Completed
B0115,Standard,2024-08-31,2024-09-01,1,40000,Corporate,Cancelled
B0116,Deluxe,2024-07-08,2024-07-12,4,40000,Online,No-show
B0117,Executive,2024-11-18,2024-11-22,4,40000,Corporate,Completed
B0118,Executive,2024-07-26,2024-07-31,5,55000,Agent,Cancelled
B0119,Executive,2024-08-29,2024-09-04,6,30000,Agent,Completed
B0120,Standard,2024-07-31,2024-08-04,4,40000,Corporate,Completed
B0121,Standard,2024-10-27,2024-10-30,3,55000,Corporate,Completed
B0122,Executive,2024-08-13,2024-08-16,3,40000,Walk-in,Completed
B0123,Executive,2024-11-01,2024-11-05,4,55000,Online,Completed
B0124,Standard,2024-06-26,2024-07-01,5,40000,Walk-in,Cancelled
B0125,Executive,2024-06-23,2024-06-29,6,55000,Online,Completed
B0126,Deluxe,2024-09-22,2024-09-27,5,45000,Online,Completed
B0127,Executive,2024-11-02,2024-11-08,6,45000,Corporate,Completed
B0128,Deluxe,2024-09-04,2024-09-06,2,55000,Walk-in,Completed
B0129,Executive,2024-09-05,2024-09-11,6,55000,Agent,Completed
B0130,Standard,2024-08-22,2024-08-29,7,55000,Online,Cancelled
B0131,Executive,2024-06-24,2024-06-26,2,45000,Online,Completed
B0132,Executive,2024-08-15,2024-08-19,4,35000,Online,Completed
B0133,Standard,2024-06-11,2024-06-17,6,40000,Agent,Completed
B0134,Executive,2024-09-05,2024-09-06,1,40000,Corporate,Completed
B0135,Deluxe,2024-10-14,2024-10-15,1,45000,Corporate,Completed
B0136,Deluxe,2024-06-22,2024-06-26,4,40000,Online,Completed
B0137,Deluxe,2024-09-30,2024-10-05,5,35000,Online,Completed
B0138,Standard,2024-07-17,2024-07-22,5,40000,Corporate,Completed
B0139,Executive,2024-08-08,2024-08-15,7,35000,Agent,Completed
B0140,Deluxe,2024-11-17,2024-11-18,1,40000,Corporate,Cancelled
B0141,Standard,2024-11-01,2024-11-05,4,35000,Walk-in,Cancelled
B0142,Deluxe,2024-06-07,2024-06-11,4,55000,Online,No-show
B0143,Executive,2024-10-24,2024-10-31,7,55000,Agent,Completed
B0144,Standard,2024-10-10,2024-10-17,7,55000,Walk-in,Completed
B0145,Executive,2024-08-11,2024-08-12,1,45000,Corporate,Cancelled
B0146,Deluxe,2024-08-29,2024-08-30,1,45000,Agent,Completed
B0147,Executive,2024-10-14,2024-10-19,5,55000,Online,Completed
B0148,Executive,2024-07-08,2024-07-10,2,55000,Corporate,Completed
B0149,Executive,2024-08-28,2024-08-31,3,35000,Online,Cancelled
B0150,Deluxe,2024-06-11,2024-06-15,4,40000,Walk-in,Completed
B0151,Deluxe,2024-07-19,2024-07-22,3,40000,Corporate,Completed
B0152,Standard,2024-11-01,2024-11-05,4,45000,Agent,Completed
B0153,Standard,2024-11-10,2024-11-16,6,40000,Agent,Completed
B0154,Executive,2024-10-31,2024-11-04,4,35000,Walk-in,Completed
B0155,Standard,2024-11-10,2024-11-14,4,30000,Agent,Cancelled
B0156,Deluxe,2024-09-05,2024-09-07,2,35000,Agent,Completed
B0157,Standard,2024-11-16,2024-11-21,5,55000,Online,Completed
B0158,Executive,2024-07-01,2024-07-04,3,30000,Corporate,Completed
B0159,Deluxe,2024-07-11,2024-07-17,6,45000,Online,Completed
B0160,Executive,2024-07-28,2024-08-04,7,40000,Online,Completed
B0161,Deluxe,2024-09-08,2024-09-14,6,45000,Agent,Completed
B0162,Executive,2024-08-31,2024-09-01,1,45000,Corporate,Completed
B0163,Standard,2024-10-23,2024-10-30,7,55000,Agent,Completed
B0164,Standard,2024-09-14,2024-09-16,2,45000,Agent,Completed
B0165,Deluxe,2024-06-17,2024-06-19,2,30000,Online,No-show
B0166,Executive,2024-06-28,2024-07-04,6,40000,Walk-in,Completed
B0167,Standard,2024-07-02,2024-07-06,4,40000,Online,Completed
B0168,Executive,2024-07-31,2024-08-02,2,55000,Agent,Completed
B0169,Standard,2024-10-20,2024-10-22,2,55000,Corporate,Cancelled
B0170,Executive,2024-10-02,2024-10-05,3,45000,Online,Completed
B0171,Standard,2024-08-05,2024-08-09,4,55000,Walk-in,Completed
B0172,Deluxe,2024-10-01,2024-10-03,2,55000,Walk-in,Completed
B0173,Executive,2024-10-11,2024-10-16,5,35000,Online,Completed
B0174,Standard,2024-08-21,2024-08-26,5,40000,Walk-in,Completed
B0175,Standard,2024-11-19,2024-11-21,2,30000,Corporate,Completed
B0176,Executive,2024-06-24,2024-06-25,1,35000,Corporate,Completed
B0177,Deluxe,2024-10-23,2024-10-28,5,30000,Walk-in,Completed
B0178,Standard,2024-09-03,2024-09-08,5,35000,Corporate,Completed
B0179,Deluxe,2024-06-10,2024-06-17,7,40000,Online,Completed
B0180,Deluxe,2024-09-15,2024-09-21,6,35000,Online,Completed
B0181,Executive,2024-06-02,2024-06-04,2,30000,Corporate,Completed
B0182,Deluxe,2024-11-23,2024-11-30,7,35000,Corporate,Completed
B0183,Standard,2024-09-23,2024-09-28,5,45000,Walk-in,Completed
B0184,Deluxe,2024-09-21,2024-09-22,1,35000,Corporate,Cancelled
B0185,Deluxe,2024-07-11,2024-07-18,7,45000,Corporate,Completed
B0186,Executive,2024-11-29,2024-12-02,3,30000,Agent,Completed
B0187,Standard,2024-11-15,2024-11-21,6,30000,Agent,Completed
B0188,Executive,2024-11-07,2024-11-08,1,30000,Agent,Completed
B0189,Executive,2024-09-29,2024-10-06,7,40000,Online,Cancelled
B0190,Deluxe,2024-10-02,2024-10-03,1,40000,Online,Completed
B0191,Standard,2024-06-24,2024-06-28,4,35000,Online,Completed
B0192,Deluxe,2024-11-25,2024-11-27,2,55000,Agent,Completed
B0193,Deluxe,2024-11-07,2024-11-10,3,45000,Online,Completed
B0194,Standard,2024-07-06,2024-07-12,6,40000,Online,Completed
B0195,Executive,2024-06-30,2024-07-07,7,45000,Corporate,Completed
B0196,Deluxe,2024-07-11,2024-07-12,1,55000,Online,Completed
B0197,Executive,2024-09-08,2024-09-15,7,45000,Agent,Completed
B0198,Executive,2024-09-17,2024-09-21,4,35000,Corporate,Completed
B0199,Standard,2024-08-30,2024-09-01,2,55000,Walk-in,Completed
B0200,Deluxe,2024-09-20,2024-09-24,4,30000,Walk-in,Cancelled
B0201,Deluxe,2024-11-27,2024-11-30,3,40000,Corporate,Completed
B0202,Standard,2024-06-13,2024-06-19,6,30000,Agent,Cancelled
B0203,Standard,2024-09-17,2024-09-19,2,45000,Walk-in,Completed
B0204,Executive,2024-07-30,2024-07-31,1,45000,Corporate,Completed
B0205,Executive,2024-07-28,2024-08-03,6,30000,Walk-in,Completed
B0206,Deluxe,2024-11-24,2024-11-28,4,35000,Corporate,No-show
B0207,Standard,2024-08-29,2024-09-03,5,40000,Walk-in,Completed
B0208,Deluxe,2024-07-20,2024-07-22,2,35000,Online,Completed
B0209,Deluxe,2024-07-12,2024-07-16,4,40000,Online,Completed
B0210,Standard,2024-06-26,2024-07-03,7,45000,Online,Completed
B0211,Standard,2024-08-30,2024-09-05,6,40000,Walk-in,Completed
B0212,Executive,2024-10-29,2024-11-01,3,40000,Walk-in,Cancelled
B0213,Executive,2024-09-07,2024-09-13,6,35000,Corporate,Completed
B0214,Executive,2024-07-19,2024-07-23,4,45000,Agent,Completed
B0215,Deluxe,2024-09-03,2024-09-10,7,35000,Online,Completed
B0216,Standard,2024-10-03,2024-10-05,2,55000,Agent,Cancelled
B0217,Standard,2024-11-30,2024-12-02,2,45000,Walk-in,Completed
B0218,Standard,2024-09-09,2024-09-13,4,35000,Corporate,No-show
B0219,Standard,2024-10-26,2024-10-29,3,30000,Corporate,Cancelled
B0220,Executive,2024-09-29,2024-10-05,6,55000,Online,Completed
B0221,Executive,2024-10-10,2024-10-15,5,40000,Corporate,Completed
B0222,Executive,2024-09-07,2024-09-08,1,40000,Corporate,Cancelled
B0223,Deluxe,2024-08-03,2024-08-05,2,45000,Walk-in,Completed
B0224,Deluxe,2024-11-10,2024-11-16,6,30000,Walk-in,Completed
B0225,Executive,2024-10-05,2024-10-07,2,45000,Agent,Cancelled
B0226,Executive,2024-06-12,2024-06-17,5,35000,Walk-in,Completed
B0227,Standard,2024-09-13,2024-09-16,3,45000,Corporate,Completed
B0228,Standard,2024-07-22,2024-07-25,3,40000,Walk-in,Cancelled
B0229,Executive,2024-08-18,2024-08-22,4,30000,Online,Completed
B0230,Deluxe,2024-10-05,2024-10-09,4,55000,Agent,Completed
B0231,Executive,2024-06-28,2024-07-03,5,30000,Walk-in,Completed
B0232,Standard,2024-11-05,2024-11-12,7,45000,Corporate,Completed
B0233,Deluxe,2024-09-18,2024-09-21,3,35000,Online,Completed
B0234,Executive,2024-10-13,2024-10-14,1,40000,Agent,Completed
B0235,Standard,2024-11-05,2024-11-09,4,30000,Walk-in,Completed
B0236,Standard,2024-06-01,2024-06-05,4,30000,Walk-in,Completed
B0237,Deluxe,2024-09-08,2024-09-11,3,55000,Corporate,Completed
B0238,Deluxe,2024-09-05,2024-09-08,3,40000,Agent,Completed
B0239,Standard,2024-09-05,2024-09-07,2,40000,Corporate,Completed
B0240,Deluxe,2024-08-15,2024-08-18,3,30000,Agent,Completed
B0241,Standard,2024-07-18,2024-07-22,4,30000,Agent,Completed
B0242,Executive,2024-10-06,2024-10-09,3,30000,Online,Completed
B0243,Standard,2024-06-12,2024-06-16,4,40000,Walk-in,Cancelled
B0244,Executive,2024-08-11,2024-08-17,6,55000,Online,Completed
B0245,Executive,2024-10-23,2024-10-28,5,55000,Agent,Completed
B0246,Executive,2024-08-25,2024-08-29,4,35000,Online,Completed
B0247,Deluxe,2024-09-19,2024-09-21,2,40000,Online,Completed
B0248,Standard,2024-10-15,2024-10-21,6,45000,Corporate,Completed
B0249,Executive,2024-07-17,2024-07-22,5,30000,Walk-in,Cancelled
B0250,Standard,2024-11-25,2024-11-26,1,40000,Walk-in,Completed
B0251,Executive,2024-11-03,2024-11-09,6,35000,Walk-in,Completed
B0252,Deluxe,2024-10-03,2024-10-07,4,40000,Agent,Completed
B0253,Executive,2024-07-17,2024-07-23,6,40000,Corporate,Completed
B0254,Executive,2024-10-04,2024-10-10,6,40000,Online,Completed
B0255,Deluxe,2024-10-26,2024-10-27,1,55000,Online,Completed
B0256,Executive,2024-11-04,2024-11-10,6,40000,Online,Completed
B0257,Deluxe,2024-10-12,2024-10-18,6,35000,Walk-in,Completed
B0258,Deluxe,2024-09-18,2024-09-19,1,35000,Corporate,Completed
B0259,Deluxe,2024-09-15,2024-09-21,6,35000,Walk-in,Completed
B0260,Standard,2024-10-05,2024-10-07,2,55000,Agent,Cancelled
B0261,Deluxe,2024-09-09,2024-09-13,4,55000,Corporate,Completed
B0262,Deluxe,2024-10-24,2024-10-27,3,40000,Agent,Completed
B0263,Standard,2024-08-26,2024-08-31,5,55000,Corporate,Completed
B0264,Standard,2024-11-23,2024-11-29,6,40000,Corporate,Completed
B0265,Deluxe,2024-10-14,2024-10-21,7,55000,Corporate,Completed
B0266,Standard,2024-10-16,2024-10-17,1,45000,Walk-in,Completed
B0267,Deluxe,2024-11-07,2024-11-12,5,45000,Agent,Cancelled
B0268,Executive,2024-11-29,2024-12-06,7,30000,Agent,Completed
B0269,Deluxe,2024-09-26,2024-10-01,5,45000,Online,Completed
B0270,Executive,2024-10-23,2024-10-29,6,55000,Agent,Cancelled
B0271,Deluxe,2024-07-13,2024-07-19,6,45000,Online,Completed
B0272,Deluxe,2024-07-29,2024-08-02,4,35000,Agent,Cancelled
B0273,Executive,2024-09-26,2024-10-03,7,35000,Agent,Completed
B0274,Deluxe,2024-10-03,2024-10-06,3,30000,Walk-in,Completed
B0275,Executive,2024-06-07,2024-06-12,5,55000,Agent,Completed
B0276,Executive,2024-09-09,2024-09-12,3,30000,Corporate,Cancelled
B0277,Executive,2024-08-31,2024-09-01,1,40000,Online,Cancelled
B0278,Deluxe,2024-07-24,2024-07-31,7,35000,Agent,Completed
B0279,Deluxe,2024-08-30,2024-09-05,6,55000,Agent,Completed
B0280,Executive,2024-08-04,2024-08-09,5,55000,Online,Completed
B0281,Executive,2024-06-11,2024-06-14,3,45000,Corporate,Completed
B0282,Deluxe,2024-10-19,2024-10-20,1,35000,Agent,No-show
B0283,Executive,2024-07-22,2024-07-24,2,55000,Walk-in,Cancelled
B0284,Standard,2024-10-10,2024-10-15,5,30000,Online,Completed
B0285,Executive,2024-09-23,2024-09-24,1,55000,Online,Cancelled
B0286,Deluxe,2024-06-09,2024-06-11,2,40000,Agent,Completed
B0287,Standard,2024-11-08,2024-11-11,3,35000,Corporate,Completed
B0288,Standard,2024-08-18,2024-08-21,3,40000,Online,Completed
B0289,Standard,2024-10-12,2024-10-13,1,40000,Walk-in,Completed
B0290,Executive,2024-11-14,2024-11-18,4,45000,Walk-in,Cancelled
B0291,Executive,2024-07-02,2024-07-06,4,55000,Online,Completed
B0292,Standard,2024-08-01,2024-08-04,3,35000,Online,Completed
B0293,Deluxe,2024-07-04,2024-07-06,2,45000,Agent,Cancelled
B0294,Standard,2024-10-17,2024-10-18,1,35000,Agent,Cancelled
B0295,Executive,2024-09-05,2024-09-06,1,35000,Corporate,Completed
B0296,Executive,2024-10-04,2024-10-10,6,40000,Online,Completed
B0297,Deluxe,2024-08-20,2024-08-26,6,55000,Online,Completed
B0298,Executive,2024-09-12,2024-09-13,1,35000,Walk-in,Completed
B0299,Deluxe,2024-07-23,2024-07-24,1,30000,Online,Completed
B0300,Standard,2024-09-08,2024-09-14,6,30000,Walk-in,Cancelled
B0301,Executive,2024-10-21,2024-10-26,5,40000,Online,Completed
B0302,Executive,2024-06-27,2024-06-29,2,45000,Corporate,Completed
B0303,Deluxe,2024-06-13,2024-06-16,3,40000,Corporate,Completed
B0304,Executive,2024-11-01,2024-11-02,1,55000,Online,Completed
B0305,Executive,2024-11-15,2024-11-21,6,35000,Agent,No-show
B0306,Deluxe,2024-08-16,2024-08-18,2,45000,Corporate,No-show
B0307,Standard,2024-09-06,2024-09-07,1,55000,Agent,Cancelled
B0308,Executive,2024-08-15,2024-08-16,1,45000,Walk-in,Completed
B0309,Executive,2024-07-21,2024-07-25,4,45000,Online,Completed
B0310,Deluxe,2024-09-01,2024-09-03,2,45000,Agent,Completed
B0311,Deluxe,2024-09-01,2024-09-06,5,45000,Walk-in,Completed
B0312,Standard,2024-06-23,2024-06-28,5,55000,Corporate,Completed
B0313,Executive,2024-07-04,2024-07-05,1,55000,Agent,No-show
B0314,Standard,2024-11-09,2024-11-11,2,35000,Agent,Completed
B0315,Standard,2024-10-22,2024-10-28,6,30000,Agent,No-show
B0316,Executive,2024-10-31,2024-11-05,5,35000,Walk-in,Completed
B0317,Standard,2024-07-27,2024-08-03,7,55000,Online,Completed
B0318,Deluxe,2024-08-12,2024-08-14,2,45000,Agent,Completed
B0319,Deluxe,2024-06-09,2024-06-14,5,40000,Online,Cancelled
B0320,Executive,2024-10-24,2024-10-27,3,40000,Walk-in,Completed
B0321,Standard,2024-11-03,2024-11-06,3,55000,Walk-in,Completed
B0322,Standard,2024-06-30,2024-07-07,7,55000,Walk-in,Completed
B0323,Standard,2024-06-03,2024-06-04,1,55000,Online,Completed
B0324,Deluxe,2024-06-19,2024-06-20,1,35000,Agent,Completed
B0325,Executive,2024-11-28,2024-12-01,3,45000,Online,Cancelled
B0326,Standard,2024-10-29,2024-10-31,2,35000,Online,Completed
B0327,Standard,2024-06-05,2024-06-06,1,40000,Agent,Completed
B0328,Executive,2024-09-21,2024-09-25,4,55000,Corporate,Completed
B0329,Deluxe,2024-11-15,2024-11-16,1,30000,Online,No-show
B0330,Standard,2024-08-23,2024-08-27,4,55000,Walk-in,Cancelled
B0331,Executive,2024-09-23,2024-09-24,1,55000,Walk-in,Completed
B0332,Standard,2024-06-09,2024-06-10,1,45000,Agent,Completed
B0333,Deluxe,2024-07-25,2024-07-30,5,30000,Online,Cancelled
B0334,Standard,2024-06-16,2024-06-18,2,40000,Agent,Completed
B0335,Standard,2024-09-15,2024-09-20,5,45000,Agent,Completed
B0336,Deluxe,2024-10-11,2024-10-14,3,45000,Agent,Completed
B0337,Deluxe,2024-07-03,2024-07-08,5,40000,Corporate,Completed
B0338,Standard,2024-06-26,2024-06-27,1,55000,Online,Completed
B0339,Executive,2024-08-06,2024-08-07,1,55000,Online,Completed
B0340,Executive,2024-08-24,2024-08-31,7,55000,Agent,Cancelled
B0341,Standard,2024-06-20,2024-06-24,4,40000,Agent,Completed
B0342,Executive,2024-09-14,2024-09-19,5,45000,Corporate,Completed
B0343,Standard,2024-08-20,2024-08-24,4,35000,Agent,Completed
B0344,Deluxe,2024-06-29,2024-07-06,7,35000,Walk-in,No-show
B0345,Executive,2024-08-23,2024-08-24,1,35000,Walk-in,Completed
B0346,Executive,2024-10-29,2024-11-03,5,40000,Agent,Completed
B0347,Standard,2024-07-13,2024-07-18,5,45000,Corporate,Completed
B0348,Executive,2024-08-03,2024-08-10,7,35000,Agent,Completed
B0349,Executive,2024-10-19,2024-10-25,6,55000,Walk-in,Completed
B0350,Standard,2024-08-04,2024-08-11,7,55000,Walk-in,Completed
B0351,Executive,2024-09-19,2024-09-26,7,45000,Corporate,Completed
B0352,Standard,2024-07-08,2024-07-14,6,55000,Agent,Completed
B0353,Executive,2024-06-02,2024-06-08,6,45000,Agent,Completed
B0354,Standard,2024-10-19,2024-10-22,3,55000,Agent,Completed
B0355,Standard,2024-06-19,2024-06-26,7,40000,Agent,Completed
B0356,Standard,2024-06-04,2024-06-08,4,45000,Corporate,Completed
B0357,Deluxe,2024-06-03,2024-06-10,7,30000,Agent,Completed
B0358,Standard,2024-07-14,2024-07-18,4,45000,Corporate,Completed
B0359,Executive,2024-08-12,2024-08-13,1,35000,Online,Cancelled
B0360,Deluxe,2024-06-25,2024-06-29,4,30000,Online,Completed
B0361,Deluxe,2024-11-23,2024-11-30,7,40000,Walk-in,Completed
B0362,Executive,2024-07-03,2024-07-06,3,30000,Online,Cancelled
B0363,Deluxe,2024-11-13,2024-11-16,3,55000,Online,Completed
B0364,Executive,2024-06-01,2024-06-03,2,30000,Walk-in,Completed
B0365,Deluxe,2024-06-12,2024-06-17,5,55000,Online,Completed
B0366,Deluxe,2024-08-13,2024-08-17,4,30000,Walk-in,Completed
B0367,Deluxe,2024-10-13,2024-10-19,6,40000,Online,Cancelled
B0368,Executive,2024-07-02,2024-07-04,2,55000,Corporate,Completed
B0369,Standard,2024-08-23,2024-08-28,5,35000,Online,Completed
B0370,Executive,2024-06-16,2024-06-19,3,40000,Corporate,Completed
B0371,Executive,2024-06-13,2024-06-16,3,45000,Walk-in,Completed
B0372,Deluxe,2024-07-16,2024-07-19,3,40000,Corporate,Completed
B0373,Deluxe,2024-09-14,2024-09-20,6,30000,Agent,Completed
B0374,Executive,2024-08-18,2024-08-19,1,40000,Corporate,No-show
B0375,Deluxe,2024-08-30,2024-09-03,4,30000,Agent,Completed
B0376,Deluxe,2024-07-23,2024-07-27,4,30000,Agent,Completed
B0377,Standard,2024-07-18,2024-07-20,2,55000,Corporate,Completed
B0378,Standard,2024-11-13,2024-11-20,7,35000,Walk-in,Cancelled
B0379,Deluxe,2024-06-23,2024-06-27,4,35000,Corporate,Completed
B0380,Executive,2024-11-20,2024-11-24,4,45000,Agent,Completed
B0381,Deluxe,2024-09-04,2024-09-07,3,35000,Online,Cancelled
B0382,Deluxe,2024-10-18,2024-10-24,6,35000,Walk-in,Completed
B0383,Deluxe,2024-09-02,2024-09-09,7,40000,Agent,Completed
B0384,Standard,2024-11-20,2024-11-25,5,35000,Corporate,Completed
B0385,Deluxe,2024-10-05,2024-10-08,3,40000,Walk-in,Completed
B0386,Standard,2024-06-25,2024-06-28,3,35000,Corporate,Completed
B0387,Deluxe,2024-11-17,2024-11-23,6,40000,Walk-in,Cancelled
B0388,Executive,2024-10-02,2024-10-07,5,55000,Online,No-show
B0389,Deluxe,2024-08-03,2024-08-07,4,35000,Agent,Cancelled
B0390,Standard,2024-06-27,2024-07-04,7,45000,Online,Completed
B0391,Executive,2024-09-20,2024-09-25,5,40000,Online,Completed
B0392,Executive,2024-11-09,2024-11-10,1,40000,Agent,Cancelled
B0393,Deluxe,2024-10-04,2024-10-05,1,55000,Agent,Completed
B0394,Standard,2024-09-04,2024-09-07,3,40000,Corporate,Completed
B0395,Executive,2024-09-28,2024-10-05,7,55000,Walk-in,No-show
B0396,Deluxe,2024-08-25,2024-09-01,7,45000,Online,Completed
B0397,Executive,2024-06-08,2024-06-15,7,40000,Online,No-show
B0398,Executive,2024-11-30,2024-12-04,4,45000,Corporate,Completed
B0399,Deluxe,2024-10-05,2024-10-09,4,45000,Corporate,No-show
B0400,Deluxe,2024-06-16,2024-06-22,6,45000,Online,Cancelled
