expense_id,category,amount,date
E61113,Power,1031784,2024-06-01
E32279,Staff Salary,250040,2024-06-01
E12604,Maintenance,815120,2024-06-01
E13255,Internet,1430841,2024-06-01
E70727,Laundry,545766,2024-06-01
E29965,Security,563842,2024-06-01
E42715,Power,841164,2024-07-01
E78625,Staff Salary,412124,2024-07-01
E16758,Maintenance,258303,2024-07-01
E78908,Internet,701123,2024-07-01
E43740,Laundry,736528,2024-07-01
E63556,Security,675685,2024-07-01
E38486,Power,1464106,2024-08-01
E38999,Staff Salary,595141,2024-08-01
E37003,Maintenance,806672,2024-08-01
E79483,Internet,1022646,2024-08-01
E23102,Laundry,652297,2024-08-01
E59355,Security,1144129,2024-08-01
E52616,Power,1448728,2024-09-01
E58864,Staff Salary,1007225,2024-09-01
E70060,Maintenance,1124749,2024-09-01
E12231,Internet,1158403,2024-09-01
E75779,Laundry,1480213,2024-09-01
E61653,Security,904520,2024-09-01
E23002,Power,547471,2024-10-01
E83130,Staff Salary,1011269,2024-10-01
E58206,Maintenance,1137535,2024-10-01
E27373,Internet,1441698,2024-10-01
E14157,Laundry,711589,2024-10-01
E38458,Security,497933,2024-10-01
E28764,Power,1337029,2024-11-01
E76688,Staff Salary,1493890,2024-11-01
E39709,Maintenance,597826,2024-11-01
E30112,Internet,854751,2024-11-01
E92229,Laundry,672387,2024-11-01
E70238,Security,601853,2024-11-01
