customer_id,booking_id,country,gender,repeat_customer
C2073,B0001,Canada,Male,False
C1368,B0002,Germany,Female,False
C6725,B0003,Germany,Male,False
C2687,B0004,Nigeria,Male,False
C3007,B0005,Ghana,Male,False
C4172,B0006,Ghana,Female,True
C9067,B0007,Nigeria,Female,True
C8644,B0008,USA,Female,True
C3675,B0009,Germany,Female,False
C1764,B0010,Germany,Female,True
C6546,B0011,USA,Female,False
C9050,B0012,USA,Female,False
C3880,B0013,UK,Male,False
C8352,B0014,Nigeria,Male,False
C5424,B0015,Nigeria,Female,False
C4674,B0016,Ghana,Male,False
C3454,B0017,Canada,Female,False
C5016,B0018,USA,Male,True
C9261,B0019,Nigeria,Male,False
C8900,B0020,Nigeria,Female,False
C3067,B0021,Canada,Male,False
C9530,B0022,Canada,Female,False
C5862,B0023,Germany,Male,False
C9504,B0024,Nigeria,Female,False
C1189,B0025,Ghana,Male,True
C1149,B0026,Nigeria,Female,False
C8936,B0027,USA,Female,False
C8637,B0028,UK,Male,True
C9666,B0029,Germany,Male,False
C2437,B0030,USA,Male,False
C6088,B0031,UK,Female,True
C4291,B0032,Canada,Male,False
C1095,B0033,Nigeria,Male,False
C2418,B0034,Canada,Female,False
C8404,B0035,UK,Male,True
C7827,B0036,USA,Male,False
C1992,B0037,UK,Male,True
C9584,B0038,Germany,Female,True
C6527,B0039,Ghana,Female,False
C5166,B0040,Nigeria,Female,False
C9478,B0041,Ghana,Female,False
C7459,B0042,Canada,Male,True
C5312,B0043,Germany,Male,True
C9517,B0044,USA,Female,True
C4881,B0045,Nigeria,Male,True
C7381,B0046,Nigeria,Female,False
C7717,B0047,USA,Male,False
C8005,B0048,USA,Male,True
C6753,B0049,USA,Female,True
C2777,B0050,Nigeria,Male,False
C8763,B0051,Canada,Male,True
C5040,B0052,Canada,Female,True
C5255,B0053,Nigeria,Female,False
C3451,B0054,Ghana,Male,False
C8889,B0055,Nigeria,Male,True
C2501,B0056,Canada,Female,True
C9552,B0057,UK,Female,False
C4263,B0058,Canada,Male,True
C4630,B0059,UK,Male,False
C2406,B0060,USA,Male,False
C1538,B0061,UK,Female,True
C6972,B0062,Ghana,Female,False
C7439,B0063,Canada,Male,True
C7450,B0064,Ghana,Female,True
C5703,B0065,Ghana,Male,False
C4772,B0066,Canada,Female,False
C3126,B0067,USA,Male,False
C3168,B0068,Ghana,Male,False
C9159,B0069,Germany,Male,True
C4284,B0070,Nigeria,Male,False
C6549,B0071,Germany,Male,False
C7519,B0072,Ghana,Male,True
C1373,B0073,Ghana,Male,False
C1042,B0074,Ghana,Female,False
C5087,B0075,USA,Female,False
C2480,B0076,Nigeria,Male,False
C8468,B0077,UK,Female,False
C8539,B0078,USA,Male,True
C1135,B0079,UK,Male,False
C2876,B0080,USA,Female,True
C6300,B0081,Ghana,Male,False
C6797,B0082,Ghana,Male,True
C3101,B0083,UK,Male,False
C5093,B0084,Ghana,Male,False
C1073,B0085,Canada,Female,True
C4080,B0086,USA,Female,False
C2637,B0087,Canada,Female,True
C8500,B0088,Ghana,Male,False
C5253,B0089,Canada,Male,True
C9153,B0090,Nigeria,Male,True
C9991,B0091,Nigeria,Male,False
C1576,B0092,Ghana,Female,True
C3623,B0093,Ghana,Female,False
C1636,B0094,USA,Female,False
C1886,B0095,UK,Female,False
C1983,B0096,Nigeria,Female,False
C9528,B0097,Nigeria,Male,False
C8759,B0098,Germany,Male,False
C2285,B0099,Ghana,Male,False
C1127,B0100,Ghana,Male,False
C5153,B0101,Nigeria,Female,True
C8521,B0102,Canada,Male,True
C1734,B0103,Ghana,Male,False
C6399,B0104,Germany,Female,False
C1385,B0105,USA,Male,True
C4472,B0106,Germany,Female,True
C1045,B0107,Canada,Female,True
C3904,B0108,USA,Female,True
C3970,B0109,Ghana,Male,False
C7172,B0110,Nigeria,Female,False
C4258,B0111,USA,Female,False
C7494,B0112,UK,Female,False
C8531,B0113,Ghana,Female,False
C4568,B0114,Ghana,Male,True
C9179,B0115,Germany,Female,True
C6696,B0116,Germany,Male,False
C5195,B0117,Canada,Male,False
C8653,B0118,Ghana,Female,False
C8167,B0119,UK,Male,False
C8502,B0120,USA,Male,True
C7675,B0121,Canada,Female,True
C1296,B0122,Nigeria,Male,False
C7433,B0123,Germany,Female,False
C5517,B0124,Canada,Female,False
C8561,B0125,Canada,Female,False
C2701,B0126,Nigeria,Female,True
C5774,B0127,USA,Male,True
C3311,B0128,UK,Female,False
C7040,B0129,USA,Female,True
C2799,B0130,Germany,Male,False
C6584,B0131,UK,Female,False
C4491,B0132,Germany,Female,True
C7966,B0133,Nigeria,Female,True
C4664,B0134,USA,Male,False
C5627,B0135,USA,Female,True
C6203,B0136,Canada,Male,False
C7155,B0137,UK,Male,False
C8573,B0138,UK,Male,True
C7847,B0139,Ghana,Male,True
C2602,B0140,Germany,Male,False
C8296,B0141,Germany,Male,True
C6504,B0142,Canada,Male,False
C7219,B0143,Ghana,Male,False
C2531,B0144,Nigeria,Female,False
C5534,B0145,Canada,Female,True
C4806,B0146,Ghana,Female,True
C9021,B0147,UK,Male,False
C7259,B0148,Ghana,Female,False
C3287,B0149,Canada,Male,True
C5753,B0150,Canada,Male,True
C7107,B0151,Germany,Male,False
C8759,B0152,USA,Female,True
C1763,B0153,Canada,Female,False
C5673,B0154,Canada,Male,False
C3306,B0155,Germany,Female,False
C9938,B0156,Nigeria,Male,False
C6624,B0157,USA,Female,False
C7114,B0158,Nigeria,Male,False
C9089,B0159,UK,Female,False
C2994,B0160,Germany,Male,False
C1195,B0161,USA,Male,False
C3773,B0162,UK,Male,True
C8737,B0163,Nigeria,Male,True
C5016,B0164,Canada,Male,True
C9289,B0165,UK,Male,True
C9003,B0166,Ghana,Female,False
C8521,B0167,Germany,Male,True
C7386,B0168,USA,Female,False
C5244,B0169,UK,Male,True
C5065,B0170,USA,Male,False
C8801,B0171,USA,Female,True
C9210,B0172,Ghana,Female,False
C3160,B0173,Germany,Male,True
C4762,B0174,USA,Male,False
C7429,B0175,Germany,Male,False
C5695,B0176,Ghana,Female,True
C4785,B0177,Germany,Female,False
C6551,B0178,UK,Male,True
C9970,B0179,Nigeria,Female,False
C8118,B0180,Nigeria,Female,True
C1920,B0181,UK,Male,False
C3002,B0182,USA,Female,False
C4482,B0183,UK,Female,True
C7281,B0184,Canada,Male,False
C3441,B0185,Canada,Female,False
C9106,B0186,Nigeria,Female,False
C5192,B0187,Canada,Female,True
C4653,B0188,USA,Male,True
C4023,B0189,USA,Female,False
C5513,B0190,Ghana,Male,False
C6388,B0191,Germany,Female,False
C7285,B0192,USA,Male,False
C2837,B0193,Canada,Male,True
C6096,B0194,UK,Male,False
C5271,B0195,Ghana,Female,True
C3256,B0196,Nigeria,Female,False
C8872,B0197,Germany,Female,False
C2765,B0198,USA,Female,False
C5354,B0199,UK,Female,False
C4908,B0200,Nigeria,Female,True
C6891,B0201,USA,Female,False
C3243,B0202,Nigeria,Male,True
C9577,B0203,Nigeria,Male,False
C9518,B0204,Germany,Female,False
C7492,B0205,Nigeria,Male,False
C6849,B0206,USA,Male,False
C5693,B0207,Ghana,Female,True
C1049,B0208,UK,Male,False
C9637,B0209,Germany,Male,False
C4834,B0210,USA,Female,True
C7431,B0211,Canada,Female,True
C7172,B0212,Germany,Male,True
C1380,B0213,Canada,Male,False
C3578,B0214,UK,Female,True
C2937,B0215,Canada,Male,True
C2443,B0216,Nigeria,Male,False
C2317,B0217,USA,Female,True
C3137,B0218,USA,Male,False
C2691,B0219,Canada,Male,True
C7364,B0220,Canada,Female,True
C8333,B0221,UK,Male,False
C4003,B0222,Ghana,Male,True
C4307,B0223,Nigeria,Male,True
C9275,B0224,Canada,Female,False
C5933,B0225,Nigeria,Male,False
C1557,B0226,Ghana,Female,False
C5708,B0227,Ghana,Female,True
C9127,B0228,Ghana,Female,True
C9292,B0229,Canada,Female,False
C7800,B0230,Germany,Male,False
C8917,B0231,Canada,Male,False
C6624,B0232,Germany,Female,True
C7644,B0233,Canada,Female,False
C1022,B0234,UK,Female,True
C8132,B0235,Germany,Female,False
C5551,B0236,Germany,Female,True
C9723,B0237,Canada,Female,False
C2537,B0238,Canada,Male,False
C2630,B0239,Ghana,Male,False
C2973,B0240,Germany,Male,False
C3852,B0241,USA,Male,True
C3880,B0242,UK,Male,False
C2338,B0243,USA,Male,False
C6126,B0244,Canada,Male,True
C5622,B0245,Germany,Female,False
C4086,B0246,UK,Female,False
C2484,B0247,Canada,Female,True
C4216,B0248,USA,Male,False
C9149,B0249,Nigeria,Female,False
C7816,B0250,Canada,Female,False
C8850,B0251,Nigeria,Female,False
C9527,B0252,Germany,Female,False
C4081,B0253,Nigeria,Female,False
C8712,B0254,Germany,Male,False
C2901,B0255,Ghana,Male,False
C9415,B0256,Canada,Female,False
C8525,B0257,Ghana,Female,False
C5114,B0258,Germany,Female,False
C1002,B0259,UK,Male,False
C9730,B0260,USA,Male,False
C2826,B0261,Canada,Male,True
C9087,B0262,Nigeria,Male,True
C8112,B0263,UK,Female,False
C8378,B0264,Ghana,Male,False
C6264,B0265,Germany,Male,True
C5795,B0266,Ghana,Male,False
C9309,B0267,Germany,Female,False
C7991,B0268,USA,Male,True
C1422,B0269,USA,Female,True
C7751,B0270,Canada,Female,True
C1229,B0271,Nigeria,Female,False
C9844,B0272,Ghana,Male,False
C8353,B0273,Ghana,Male,False
C9152,B0274,Canada,Male,False
C8059,B0275,Ghana,Female,True
C6180,B0276,Ghana,Female,False
C6719,B0277,USA,Male,False
C5747,B0278,Ghana,Female,False
C8847,B0279,UK,Female,False
C6278,B0280,Canada,Male,True
C9093,B0281,USA,Female,False
C8877,B0282,Germany,Male,True
C7125,B0283,Nigeria,Male,False
C3308,B0284,USA,Female,True
C7166,B0285,USA,Female,False
C6167,B0286,Germany,Female,True
C6086,B0287,Germany,Female,False
C7903,B0288,Canada,Female,False
C7108,B0289,USA,Female,True
C2498,B0290,UK,Male,False
C3514,B0291,USA,Female,False
C6107,B0292,Nigeria,Female,False
C7399,B0293,UK,Female,False
C9755,B0294,Nigeria,Female,False
C5444,B0295,UK,Female,False
C4044,B0296,Nigeria,Male,False
C8113,B0297,Nigeria,Female,False
C2100,B0298,Canada,Female,False
C2064,B0299,USA,Male,False
C5861,B0300,UK,Female,False
C8094,B0301,UK,Male,True
C4435,B0302,Germany,Male,True
C4589,B0303,UK,Female,False
C3556,B0304,Ghana,Female,False
C6623,B0305,Germany,Male,False
C2491,B0306,Nigeria,Female,False
C6715,B0307,Ghana,Female,True
C3349,B0308,Nigeria,Male,True
C6219,B0309,Nigeria,Male,False
C8778,B0310,Germany,Female,True
C1435,B0311,Germany,Male,False
C6243,B0312,Nigeria,Female,True
C8081,B0313,Germany,Male,True
C2806,B0314,Canada,Male,False
C7371,B0315,Ghana,Male,False
C8493,B0316,Ghana,Male,True
C5328,B0317,Germany,Male,True
C2600,B0318,Nigeria,Male,False
C7217,B0319,Canada,Male,False
C2096,B0320,UK,Female,False
C9623,B0321,Germany,Female,False
C4956,B0322,UK,Male,False
C3936,B0323,USA,Male,False
C8983,B0324,Nigeria,Male,True
C4245,B0325,Germany,Male,False
C6312,B0326,Germany,Male,True
C1664,B0327,UK,Male,True
C7734,B0328,Germany,Male,False
C2528,B0329,UK,Male,False
C2088,B0330,Nigeria,Male,False
C8741,B0331,Canada,Female,False
C4708,B0332,Nigeria,Male,True
C9477,B0333,UK,Male,True
C5675,B0334,UK,Female,True
C9082,B0335,Nigeria,Female,False
C3942,B0336,Ghana,Male,True
C9492,B0337,Canada,Male,False
C4205,B0338,USA,Male,False
C7114,B0339,USA,Female,True
C2845,B0340,Nigeria,Male,False
C2682,B0341,UK,Female,False
C1479,B0342,Ghana,Female,False
C2177,B0343,USA,Female,True
C3514,B0344,Canada,Female,False
C8695,B0345,Ghana,Female,False
C1493,B0346,UK,Male,True
C3707,B0347,USA,Male,False
C4667,B0348,USA,Female,True
C4510,B0349,Ghana,Female,False
C3976,B0350,Ghana,Female,True
C9640,B0351,UK,Female,True
C5563,B0352,Canada,Male,True
C7099,B0353,Nigeria,Male,True
C6184,B0354,Ghana,Male,False
C6849,B0355,UK,Female,True
C9886,B0356,UK,Male,False
C5747,B0357,Germany,Male,False
C6914,B0358,USA,Male,False
C3880,B0359,Germany,Male,True
C7894,B0360,Nigeria,Female,False
C9296,B0361,Canada,Male,False
C1614,B0362,Germany,Female,True
C1630,B0363,Germany,Male,False
C7773,B0364,USA,Female,False
C4610,B0365,UK,Male,True
C3422,B0366,USA,Male,False
C5066,B0367,Canada,Female,True
C5948,B0368,Ghana,Female,True
C8929,B0369,UK,Female,True
C8482,B0370,Nigeria,Female,True
C8598,B0371,Germany,Male,False
C8314,B0372,Nigeria,Male,True
C6001,B0373,USA,Female,True
C1021,B0374,Nigeria,Male,True
C4056,B0375,Nigeria,Male,False
C3329,B0376,Ghana,Male,False
C7446,B0377,UK,Male,False
C2605,B0378,Ghana,Male,True
C8684,B0379,UK,Female,False
C2663,B0380,USA,Male,False
C2257,B0381,Germany,Female,False
C6527,B0382,Ghana,Female,False
C6362,B0383,USA,Female,False
C4561,B0384,USA,Female,False
C5333,B0385,UK,Male,True
C7225,B0386,Germany,Female,True
C6218,B0387,UK,Female,False
C7626,B0388,UK,Female,False
C1975,B0389,Canada,Female,True
C5349,B0390,Canada,Male,False
C1889,B0391,UK,Male,False
C2831,B0392,Nigeria,Female,True
C9044,B0393,Germany,Female,False
C7562,B0394,Nigeria,Female,False
C7756,B0395,UK,Female,False
C9954,B0396,Canada,Male,True
C3899,B0397,Nigeria,Male,False
C5363,B0398,Germany,Male,True
C5613,B0399,Germany,Female,False
C6514,B0400,UK,Male,False
