payment_id,booking_id,amount_paid,payment_method,payment_date,status
P69479,B0001,330000,POS,11/26/2024,Paid
P54935,B0002,240000,Transfer,11/14/2024,Paid
P95318,B0003,90000,Transfer,7/22/2024,Paid
P56405,B0004,45000,Transfer,8/23/2024,Paid
P98141,B0005,30000,Transfer,9/18/2024,Paid
P48099,B0006,220000,POS,7/24/2024,Paid
P72728,B0007,55000,POS,9/16/2024,Paid
P22927,B0009,45000,Cash,11/3/2024,Paid
P35405,B0012,80000,POS,10/8/2024,Paid
P11632,B0013,160000,POS,8/1/2024,Paid
P90538,B0014,150000,Transfer,7/28/2024,Paid
P34606,B0015,225000,POS,7/7/2024,Paid
P59834,B0016,110000,Cash,8/19/2024,Paid
P59339,B0017,110000,Cash,11/6/2024,Paid
P58863,B0018,105000,Transfer,9/5/2024,Paid
P38948,B0021,45000,Cash,9/2/2024,Paid
P35820,B0023,140000,POS,9/11/2024,Paid
P76204,B0025,140000,Cash,6/16/2024,Paid
P14012,B0026,70000,Transfer,7/26/2024,Paid
P71212,B0029,150000,POS,10/6/2024,Paid
P15615,B0030,330000,POS,6/25/2024,Paid
P31403,B0031,30000,Transfer,6/19/2024,Paid
P97804,B0032,220000,Transfer,8/25/2024,Paid
P63770,B0033,275000,Cash,6/4/2024,Paid
P47929,B0034,140000,Cash,7/29/2024,Paid
P93417,B0035,70000,POS,11/30/2024,Paid
P32964,B0036,165000,Cash,9/9/2024,Paid
P52811,B0037,245000,POS,11/9/2024,Paid
P45151,B0039,245000,Transfer,7/28/2024,Paid
P52668,B0042,135000,Transfer,9/26/2024,Paid
P54951,B0043,110000,Transfer,11/23/2024,Paid
P55502,B0044,90000,POS,7/2/2024,Paid
P23178,B0045,70000,POS,7/11/2024,Paid
P71255,B0046,240000,Transfer,8/4/2024,Paid
P12861,B0047,80000,Cash,8/7/2024,Paid
P76462,B0048,280000,Transfer,11/25/2024,Paid
P85703,B0049,210000,Transfer,6/19/2024,Paid
P17367,B0050,270000,POS,6/24/2024,Paid
P50540,B0051,385000,POS,11/26/2024,Paid
P78073,B0052,220000,POS,9/13/2024,Paid
P37125,B0053,210000,Transfer,10/20/2024,Paid
P65904,B0054,105000,Transfer,6/2/2024,Paid
P20542,B0055,30000,Transfer,10/19/2024,Paid
P71272,B0056,315000,Cash,11/12/2024,Paid
P67707,B0057,165000,POS,9/15/2024,Paid
P98690,B0058,225000,POS,11/18/2024,Paid
P81216,B0059,45000,Cash,7/22/2024,Paid
P49183,B0060,55000,Transfer,8/18/2024,Paid
P54100,B0061,45000,POS,7/21/2024,Paid
P49045,B0062,180000,Cash,10/11/2024,Paid
P46443,B0063,220000,Transfer,7/30/2024,Paid
P54453,B0064,140000,Transfer,11/16/2024,Paid
P44839,B0065,120000,Transfer,9/18/2024,Paid
P68677,B0066,180000,Cash,8/24/2024,Paid
P60686,B0067,70000,POS,6/23/2024,Paid
P42536,B0068,200000,Transfer,9/19/2024,Paid
P73139,B0069,180000,Cash,11/13/2024,Paid
P16616,B0070,385000,Transfer,6/1/2024,Paid
P71116,B0071,315000,Transfer,6/20/2024,Paid
P84510,B0072,110000,Transfer,9/17/2024,Paid
P92988,B0074,120000,POS,7/1/2024,Paid
P87598,B0075,105000,POS,11/29/2024,Paid
P27570,B0076,315000,Cash,8/3/2024,Paid
P97584,B0077,165000,POS,8/17/2024,Paid
P48895,B0078,45000,Transfer,6/14/2024,Paid
P19928,B0079,280000,Cash,10/25/2024,Paid
P37631,B0080,180000,Cash,10/30/2024,Paid
P93292,B0081,60000,Transfer,7/12/2024,Paid
P99282,B0084,330000,Cash,9/9/2024,Paid
P61202,B0085,385000,POS,6/13/2024,Paid
P31105,B0086,135000,POS,6/2/2024,Paid
P95559,B0087,275000,Cash,8/19/2024,Paid
P65527,B0088,90000,POS,7/17/2024,Paid
P96728,B0089,330000,POS,6/25/2024,Paid
P72899,B0090,210000,POS,6/13/2024,Paid
P44880,B0091,200000,POS,9/1/2024,Paid
P74732,B0092,240000,Cash,8/13/2024,Paid
P82823,B0094,45000,Cash,8/4/2024,Paid
P37906,B0095,225000,Transfer,10/22/2024,Paid
P72461,B0096,60000,POS,6/11/2024,Paid
P80081,B0097,225000,Transfer,9/18/2024,Paid
P14766,B0098,90000,Transfer,11/13/2024,Paid
P61620,B0100,280000,Cash,10/8/2024,Paid
P17690,B0101,275000,POS,9/16/2024,Paid
P15863,B0103,70000,POS,9/13/2024,Paid
P34745,B0104,80000,Cash,6/22/2024,Paid
P44086,B0105,90000,Cash,7/18/2024,Paid
P78617,B0107,150000,Transfer,6/19/2024,Paid
P79925,B0108,240000,Transfer,7/3/2024,Paid
P96118,B0109,70000,Cash,11/9/2024,Paid
P51057,B0110,280000,Transfer,11/12/2024,Paid
P29858,B0111,55000,POS,9/13/2024,Paid
P36533,B0112,110000,Transfer,9/8/2024,Paid
P65663,B0114,330000,POS,6/6/2024,Paid
P72731,B0117,160000,Cash,11/18/2024,Paid
P10930,B0119,180000,POS,8/29/2024,Paid
P98172,B0120,160000,POS,7/31/2024,Paid
P74959,B0121,165000,Transfer,10/27/2024,Paid
P14347,B0122,120000,POS,8/13/2024,Paid
P50749,B0123,220000,POS,11/1/2024,Paid
P34809,B0125,330000,Transfer,6/23/2024,Paid
P54783,B0126,225000,Transfer,9/22/2024,Paid
P82886,B0127,270000,Cash,11/2/2024,Paid
P33648,B0128,110000,Cash,9/4/2024,Paid
P11536,B0129,330000,Cash,9/5/2024,Paid
P42255,B0131,90000,Cash,6/24/2024,Paid
P53054,B0132,140000,Transfer,8/15/2024,Paid
P95295,B0133,240000,Transfer,6/11/2024,Paid
P39742,B0134,40000,POS,9/5/2024,Paid
P81871,B0135,45000,Cash,10/14/2024,Paid
P34338,B0136,160000,Transfer,6/22/2024,Paid
P25647,B0137,175000,POS,9/30/2024,Paid
P22359,B0138,200000,POS,7/17/2024,Paid
P19856,B0139,245000,POS,8/8/2024,Paid
P55098,B0143,385000,POS,10/24/2024,Paid
P78527,B0144,385000,Cash,10/10/2024,Paid
P36994,B0146,45000,Cash,8/29/2024,Paid
P66562,B0147,275000,Cash,10/14/2024,Paid
P84908,B0148,110000,POS,7/8/2024,Paid
P76516,B0150,160000,Transfer,6/11/2024,Paid
P50097,B0151,120000,Transfer,7/19/2024,Paid
P69279,B0152,180000,Cash,11/1/2024,Paid
P47689,B0153,240000,POS,11/10/2024,Paid
P12943,B0154,140000,Transfer,10/31/2024,Paid
P53981,B0156,70000,POS,9/5/2024,Paid
P56920,B0157,275000,Transfer,11/16/2024,Paid
P55790,B0158,90000,POS,7/1/2024,Paid
P80486,B0159,270000,POS,7/11/2024,Paid
P89740,B0160,280000,Transfer,7/28/2024,Paid
P12566,B0161,270000,Cash,9/8/2024,Paid
P31015,B0162,45000,Transfer,8/31/2024,Paid
P57750,B0163,385000,Transfer,10/23/2024,Paid
P71989,B0164,90000,Transfer,9/14/2024,Paid
P75030,B0166,240000,Cash,6/28/2024,Paid
P78260,B0167,160000,Transfer,7/2/2024,Paid
P35712,B0168,110000,Transfer,7/31/2024,Paid
P86158,B0170,135000,POS,10/2/2024,Paid
P12275,B0171,220000,Cash,8/5/2024,Paid
P51674,B0172,110000,POS,10/1/2024,Paid
P84747,B0173,175000,Transfer,10/11/2024,Paid
P72174,B0174,200000,Cash,8/21/2024,Paid
P15045,B0175,60000,POS,11/19/2024,Paid
P14986,B0176,35000,POS,6/24/2024,Paid
P64866,B0177,150000,Cash,10/23/2024,Paid
P17213,B0178,175000,POS,9/3/2024,Paid
P97720,B0179,280000,Cash,6/10/2024,Paid
P43268,B0180,210000,Cash,9/15/2024,Paid
P64889,B0181,60000,POS,6/2/2024,Paid
P16489,B0182,245000,POS,11/23/2024,Paid
P67932,B0183,225000,Transfer,9/23/2024,Paid
P52595,B0185,315000,Cash,7/11/2024,Paid
P47087,B0186,90000,POS,11/29/2024,Paid
P16953,B0187,180000,Transfer,11/15/2024,Paid
P23351,B0188,30000,Cash,11/7/2024,Paid
P28597,B0190,40000,POS,10/2/2024,Paid
P48237,B0191,140000,Transfer,6/24/2024,Paid
P13742,B0192,110000,POS,11/25/2024,Paid
P40192,B0193,135000,Cash,11/7/2024,Paid
P62892,B0194,240000,Cash,7/6/2024,Paid
P56194,B0195,315000,Cash,6/30/2024,Paid
P21148,B0196,55000,POS,7/11/2024,Paid
P53110,B0197,315000,POS,9/8/2024,Paid
P75330,B0198,140000,Cash,9/17/2024,Paid
P54060,B0199,110000,Cash,8/30/2024,Paid
P19185,B0201,120000,POS,11/27/2024,Paid
P75797,B0203,90000,POS,9/17/2024,Paid
P83349,B0204,45000,POS,7/30/2024,Paid
P61686,B0205,180000,Transfer,7/28/2024,Paid
P29272,B0207,200000,POS,8/29/2024,Paid
P71122,B0208,70000,Cash,7/20/2024,Paid
P83659,B0209,160000,Transfer,7/12/2024,Paid
P16216,B0210,315000,POS,6/26/2024,Paid
P84277,B0211,240000,Transfer,8/30/2024,Paid
P12294,B0213,210000,POS,9/7/2024,Paid
P31553,B0214,180000,Cash,7/19/2024,Paid
P86887,B0215,245000,Cash,9/3/2024,Paid
P62487,B0217,90000,Cash,11/30/2024,Paid
P67114,B0220,330000,Transfer,9/29/2024,Paid
P46810,B0221,200000,POS,10/10/2024,Paid
P96563,B0223,90000,Cash,8/3/2024,Paid
P35705,B0224,180000,Transfer,11/10/2024,Paid
P33847,B0226,175000,Transfer,6/12/2024,Paid
P44806,B0227,135000,Cash,9/13/2024,Paid
P81910,B0229,120000,Transfer,8/18/2024,Paid
P87484,B0230,220000,Cash,10/5/2024,Paid
P27924,B0231,150000,Transfer,6/28/2024,Paid
P93885,B0232,315000,Transfer,11/5/2024,Paid
P73786,B0233,105000,Cash,9/18/2024,Paid
P29020,B0234,40000,POS,10/13/2024,Paid
P84612,B0235,120000,Transfer,11/5/2024,Paid
P42076,B0236,120000,Transfer,6/1/2024,Paid
P13471,B0237,165000,Cash,9/8/2024,Paid
P26056,B0238,120000,Cash,9/5/2024,Paid
P50317,B0239,80000,Cash,9/5/2024,Paid
P53271,B0240,90000,Transfer,8/15/2024,Paid
P70875,B0241,120000,Transfer,7/18/2024,Paid
P74425,B0242,90000,POS,10/6/2024,Paid
P87251,B0244,330000,Cash,8/11/2024,Paid
P48914,B0245,275000,Cash,10/23/2024,Paid
P93933,B0246,140000,Cash,8/25/2024,Paid
P61834,B0247,80000,Transfer,9/19/2024,Paid
P89821,B0248,270000,POS,10/15/2024,Paid
P36568,B0250,40000,Cash,11/25/2024,Paid
P10593,B0251,210000,Cash,11/3/2024,Paid
P77831,B0252,160000,Transfer,10/3/2024,Paid
P68347,B0253,240000,Cash,7/17/2024,Paid
P65283,B0254,240000,Transfer,10/4/2024,Paid
P97177,B0255,55000,Cash,10/26/2024,Paid
P47861,B0256,240000,POS,11/4/2024,Paid
P30765,B0257,210000,Cash,10/12/2024,Paid
P61189,B0258,35000,Cash,9/18/2024,Paid
P55603,B0259,210000,POS,9/15/2024,Paid
P67340,B0261,220000,POS,9/9/2024,Paid
P72330,B0262,120000,Cash,10/24/2024,Paid
P20750,B0263,275000,Cash,8/26/2024,Paid
P19466,B0264,240000,Cash,11/23/2024,Paid
P78880,B0265,385000,Cash,10/14/2024,Paid
P18837,B0266,45000,Transfer,10/16/2024,Paid
P23061,B0268,210000,POS,11/29/2024,Paid
P26300,B0269,225000,Transfer,9/26/2024,Paid
P97100,B0271,270000,Transfer,7/13/2024,Paid
P37780,B0273,245000,Cash,9/26/2024,Paid
P19614,B0274,90000,POS,10/3/2024,Paid
P72597,B0275,275000,Cash,6/7/2024,Paid
P57851,B0278,245000,Transfer,7/24/2024,Paid
P61690,B0279,330000,Cash,8/30/2024,Paid
P48304,B0280,275000,POS,8/4/2024,Paid
P71819,B0281,135000,Transfer,6/11/2024,Paid
P24000,B0284,150000,POS,10/10/2024,Paid
P87247,B0286,80000,Cash,6/9/2024,Paid
P62473,B0287,105000,POS,11/8/2024,Paid
P18706,B0288,120000,Cash,8/18/2024,Paid
P31236,B0289,40000,Cash,10/12/2024,Paid
P28470,B0291,220000,Cash,7/2/2024,Paid
P92604,B0292,105000,Cash,8/1/2024,Paid
P26483,B0295,35000,POS,9/5/2024,Paid
P56900,B0296,240000,Cash,10/4/2024,Paid
P68477,B0297,330000,Cash,8/20/2024,Paid
P82227,B0298,35000,Transfer,9/12/2024,Paid
P31893,B0299,30000,Transfer,7/23/2024,Paid
P90118,B0301,200000,POS,10/21/2024,Paid
P45593,B0302,90000,Transfer,6/27/2024,Paid
P61126,B0303,120000,Cash,6/13/2024,Paid
P35139,B0304,55000,POS,11/1/2024,Paid
P63671,B0308,45000,Cash,8/15/2024,Paid
P63530,B0309,180000,Transfer,7/21/2024,Paid
P42746,B0310,90000,Transfer,9/1/2024,Paid
P61826,B0311,225000,Transfer,9/1/2024,Paid
P23378,B0312,275000,Transfer,6/23/2024,Paid
P97718,B0314,70000,Cash,11/9/2024,Paid
P97065,B0316,175000,POS,10/31/2024,Paid
P26536,B0317,385000,POS,7/27/2024,Paid
P43504,B0318,90000,Cash,8/12/2024,Paid
P73782,B0320,120000,Transfer,10/24/2024,Paid
P57116,B0321,165000,Transfer,11/3/2024,Paid
P73220,B0322,385000,Cash,6/30/2024,Paid
P46960,B0323,55000,Cash,6/3/2024,Paid
P31073,B0324,35000,Transfer,6/19/2024,Paid
P21836,B0326,70000,Transfer,10/29/2024,Paid
P90382,B0327,40000,Transfer,6/5/2024,Paid
P11330,B0328,220000,POS,9/21/2024,Paid
P13126,B0331,55000,Cash,9/23/2024,Paid
P14803,B0332,45000,Cash,6/9/2024,Paid
P73079,B0334,80000,Cash,6/16/2024,Paid
P20697,B0335,225000,Cash,9/15/2024,Paid
P57852,B0336,135000,POS,10/11/2024,Paid
P81943,B0337,200000,Transfer,7/3/2024,Paid
P18202,B0338,55000,Transfer,6/26/2024,Paid
P30775,B0339,55000,Transfer,8/6/2024,Paid
P72635,B0341,160000,Cash,6/20/2024,Paid
P29555,B0342,225000,POS,9/14/2024,Paid
P18424,B0343,140000,POS,8/20/2024,Paid
P65748,B0345,35000,Transfer,8/23/2024,Paid
P18583,B0346,200000,Cash,10/29/2024,Paid
P45893,B0347,225000,Cash,7/13/2024,Paid
P93326,B0348,245000,Transfer,8/3/2024,Paid
P72113,B0349,330000,Transfer,10/19/2024,Paid
P33341,B0350,385000,POS,8/4/2024,Paid
P70962,B0351,315000,Transfer,9/19/2024,Paid
P94005,B0352,330000,Transfer,7/8/2024,Paid
P24525,B0353,270000,POS,6/2/2024,Paid
P24878,B0354,165000,Transfer,10/19/2024,Paid
P72167,B0355,280000,POS,6/19/2024,Paid
P42942,B0356,180000,Cash,6/4/2024,Paid
P45327,B0357,210000,Transfer,6/3/2024,Paid
P69715,B0358,180000,POS,7/14/2024,Paid
P63114,B0360,120000,Cash,6/25/2024,Paid
P84930,B0361,280000,Cash,11/23/2024,Paid
P50484,B0363,165000,Cash,11/13/2024,Paid
P74751,B0364,60000,Transfer,6/1/2024,Paid
P96405,B0365,275000,POS,6/12/2024,Paid
P38628,B0366,120000,POS,8/13/2024,Paid
P72295,B0368,110000,Cash,7/2/2024,Paid
P64818,B0369,175000,Cash,8/23/2024,Paid
P14146,B0370,120000,POS,6/16/2024,Paid
P12908,B0371,135000,Cash,6/13/2024,Paid
P81279,B0372,120000,Cash,7/16/2024,Paid
P27563,B0373,180000,POS,9/14/2024,Paid
P25633,B0375,120000,Cash,8/30/2024,Paid
P77469,B0376,120000,Cash,7/23/2024,Paid
P74747,B0377,110000,Cash,7/18/2024,Paid
P76169,B0379,140000,POS,6/23/2024,Paid
P73201,B0380,180000,POS,11/20/2024,Paid
P42843,B0382,210000,POS,10/18/2024,Paid
P14175,B0383,280000,POS,9/2/2024,Paid
P90363,B0384,175000,Transfer,11/20/2024,Paid
P29033,B0385,120000,Transfer,10/5/2024,Paid
P18150,B0386,105000,Cash,6/25/2024,Paid
P92092,B0390,315000,POS,6/27/2024,Paid
P53001,B0391,200000,Transfer,9/20/2024,Paid
P12929,B0393,55000,Cash,10/4/2024,Paid
P95687,B0394,120000,Cash,9/4/2024,Paid
P97980,B0396,315000,POS,8/25/2024,Paid
P20619,B0398,180000,Cash,11/30/2024,Paid
